{
  "project_info": {
    "project_number": "69321645997",
    "firebase_url": "https://khalifa-6c161.firebaseio.com",
    "project_id": "khalifa-6c161",
    "storage_bucket": "khalifa-6c161.appspot.com"
  },
  "client": [
    {
      "client_info": {
        "mobilesdk_app_id": "1:69321645997:android:d6ab96c491840470cf4b24",
        "android_client_info": {
          "package_name": "com.example.khalifa"
        }
      },
      "oauth_client": [
        {
          "client_id": "69321645997-h5tc48nrbd7vvgj60fc37kf6l5u1q3ru.apps.googleusercontent.com",
          "client_type": 1,
          "android_info": {
            "package_name": "com.example.khalifa",
            "certificate_hash": "a5ebc6f6217aa1d2634a9818d2681faec11f174b"
          }
        },
        {
          "client_id": "69321645997-5h67092qns7mgrqnv9kdctrjjb2gpust.apps.googleusercontent.com",
          "client_type": 3
        }
      ],
      "api_key": [
        {
          "current_key": "AIzaSyCAnFcPaPuq0EpuBaemPuFJyZyCJSvNgKw"
        }
      ],
      "services": {
        "appinvite_service": {
          "other_platform_oauth_client": [
            {
              "client_id": "69321645997-5h67092qns7mgrqnv9kdctrjjb2gpust.apps.googleusercontent.com",
              "client_type": 3
            }
          ]
        }
      }
    }
  ],
  "configuration_version": "1"
}